ID,Physical Address,Latitude,Longitude,COUNCIL DISTRICT,Neighborhood,Tract,Blckgrp
1,4350 Home Ave,32.7279,-117.10115,9,AZALEA/HOLLYWOOD PARK,2502,2
2,4401 Home Ave,32.7289,-117.09951,4,RIDGEVIEW/WEBSTER,3401,1
3,1702 Gateway,32.723245,-117.107805,9,FAIRMOUNT PARK,2502,1
4,4111 Home Ave,32.723218,-117.107427,9,FAIRMOUNT PARK,3401,2
5,3940 Federal Ave,32.719326,-117.109421,9,FAIRMOUNT PARK,3401,2
6,3384 Univeristy Ave,32.74907,-117.12135,9,CHEROKEE POINT,1600,3
7,3299 Univeristy Ave,32.748468,-117.123015,3,NORTH PARK,1500,1
8,3359 Univeristy Ave,32.748746,-117.121876,9,CHEROKEE POINT,2401,3
9,3201 University Ave,32.748458,-117.124932,3,NORTH PARK,1500,1
10,3299 El Cajon Blvd,32.755161,-117.123079,9,CORRIDOR,1600,3
11,4101 Univeristy Ave,32.749613,-117.106828,9,CASTLE,2402,2
12,4093 University Ave,32.74957,-117.10707,9,CASTLE,2402,2
13,4090 University Ave,32.749758,-117.10708,9,CASTLE,2202,3
14,3850 Univeristy Ave,32.749793,-117.11078,9,CHEROKEE POINT,2201,1
15,3871 University Ave,32.749599,-117.11076,9,CHEROKEE POINT,2401,1
16,3900 University Ave,32.749833,-117.110588,9,CHEROKEE POINT,2201,1
17,4067 El Cajon Blvd,32.755042,-117.107554,9,TERALTA WEST,2202,3
18,3801 El Cajon Blvd ,32.75509,-117.111415,9,TERALTA WEST,2201,1
19,4298 Market St,32.71159,-117.102375,9,MT HOPE,3403,2
20,4297  Market St,32.711403,-117.102724,9,MT HOPE,3403,3
21,4459 Market St,32.711367,-117.098931,4,CHOLLAS VIEW,3404,2
22,4462 Market St,32.711579,-117.098844,4,CHOLLAS VIEW,3404,2
23,4574 Imperial Ave,32.704248,-117.096924,4,MOUNTAIN VIEW,3301,2
24,4501 Imperial Ave,32.704056,-117.097881,4,MOUNTAIN VIEW,3301,2
25,1325 S. 47th St,32.692689,-117.093655,4,LINCOLN PARK,3305,3
26,1200 S. 47 th St,32.694726,-117.093891,4,LINCOLN PARK,3305,3
27,1369 43rd St,32.692288,-117.102321,4,SOUTHCREST,3303,2
28,1302 S. 43rd St,32.693082,-117.102559,8,SOUTHCREST,3602,1
29,1378 S. 43rd St,32.691025,-117.102573,8,SOUTHCREST,3602,1
30,1595 S. 43rd St,32.689907,-117.102361,4,SOUTHCREST,3303,1
31,3249 Main St,32.691901,-117.124761,8, BARRIO LOGAN,3800,1
32,3204 Main St,32.692185,-117.124863,8, BARRIO LOGAN,3902,3
33,3545 Ocean View Blvd,32.701183,-117.118172,4,MOUNTAIN VIEW,3502,1
34,<Null>,32.70134,-117.116922,9,MOUNTAIN VIEW,3501,2
35,<Null>,32.701304,-117.122982,8,LOGAN HEIGHTS,3901,1
36,<Null>,32.701161,-117.123794,8,LOGAN HEIGHTS,3902,2
37,<Null>,32.702463,-117.122534,8,LOGAN HEIGHTS,3901,1
38,<Null>,32.711671,-117.11676,9,MT HOPE,3403,1
39,<Null>,32.711453,-117.116419,9,MT HOPE,3501,3
40,<Null>,32.711418,-117.116687,9,MT HOPE,3501,3
41,<Null>,32.711901,-117.122302,9,STOCKTON,4100,4
42,<Null>,32.711594,-117.12465,9,STOCKTON,4000,1
43,<Null>,32.71163,-117.146665,8,SHERMAN HEIGHTS,4600,2
44,<Null>,32.712604,-117.14476,8,SHERMAN HEIGHTS,4600,2
45,<Null>,32.711761,-117.140172,8,SHERMAN HEIGHTS,4100,2
46,<Null>,32.714665,-117.140385,3,GOLDEN HILL,4100,2
47,<Null>,32.714906,-117.140205,3,GOLDEN HILL,4100,2
48,<Null>,32.710673,-117.133781,8,GRANT HILL,4000,3
49,<Null>,32.710512,-117.133761,8,GRANT HILL,4000,4
50,<Null>,32.710654,-117.133995,8,GRANT HILL,4800,1
51,<Null>,32.715817,-117.128499,3,GOLDEN HILL,4100,3
52,<Null>,32.715939,-117.128109,3,GOLDEN HILL,4100,4
53,<Null>,32.713654,-117.125241,9,STOCKTON,4100,4
54,<Null>,32.718813,-117.090282,4,RIDGEVIEW/WEBSTER,3401,3
55,<Null>,32.716676,-117.093711,4,CHOLLAS VIEW,3404,2
56,<Null>,32.71935,-117.093696,4,RIDGEVIEW/WEBSTER,3401,2
57,<Null>,32.715187,-117.093523,4,CHOLLAS VIEW,3404,1
58,<Null>,32.719449,-117.085083,4,RIDGEVIEW/WEBSTER,3401,3
59,<Null>,32.715948,-117.085138,4,CHOLLAS VIEW,3404,1
60,<Null>,32.715135,-117.084907,4,CHOLLAS VIEW,3001,2
61,<Null>,32.721842,-117.075632,4,EMERALD HILLS,3001,2
62,<Null>,32.720511,-117.075641,4,EMERALD HILLS,3001,1
63,<Null>,32.727236,-117.069891,4,ENCANTO,3003,1
64,<Null>,32.727058,-117.069086,4,ENCANTO,3001,1
65,<Null>,32.685559,-117.115243,8, BARRIO LOGAN,3601,1
66,<Null>,32.693944,-117.133967,8, BARRIO LOGAN,5000,1
67,<Null>,32.693733,-117.133942,8, BARRIO LOGAN,5000,1
68,<Null>,32.693766,-117.133596,8, BARRIO LOGAN,3902,3
69,<Null>,32.693973,-117.133664,8, BARRIO LOGAN,3902,3
70,<Null>,32.696019,-117.133949,8,LOGAN HEIGHTS,4900,2
71,<Null>,32.695866,-117.133677,8,LOGAN HEIGHTS,3902,3
72,<Null>,32.699605,-117.13375,8,LOGAN HEIGHTS,3902,1
73,<Null>,32.700227,-117.142628,8, BARRIO LOGAN,5000,1
74,<Null>,32.702519,-117.145939,8, BARRIO LOGAN,5000,1
75,<Null>,32.702597,-117.146126,8, BARRIO LOGAN,5100,2
76,<Null>,32.702877,-117.146437,8, BARRIO LOGAN,5100,2
77,<Null>,32.701303,-117.144225,8, BARRIO LOGAN,5000,1
78,<Null>,32.70636,-117.146822,8,LOGAN HEIGHTS,4700,2
79,<Null>,32.70637,-117.148664,3,EAST VILLAGE,5100,1
80,<Null>,32.706182,-117.148652,3,EAST VILLAGE,5100,2
81,<Null>,32.706204,-117.148398,3,EAST VILLAGE,5100,2
82,<Null>,32.708839,-117.146821,8,SHERMAN HEIGHTS,4700,2
83,<Null>,32.709324,-117.148651,3,EAST VILLAGE,5100,1
84,<Null>,32.545437,-117.030703,8,BORDER,10015,1
85,<Null>,32.54627,-117.031161,8,BORDER,10015,1
86,<Null>,32.546478,-117.031472,8,BORDER,10015,1
87,<Null>,32.545375,-117.031861,8,BORDER,10015,1
88,<Null>,32.543707,-117.035762,8,BORDER,10009,4
89,<Null>,32.544141,-117.036545,8,BORDER,10009,4
90,<Null>,32.550504,-117.044446,8,SAN YSIDRO,10009,1
91,<Null>,32.550886,-117.045161,8,SAN YSIDRO,10009,1
92,<Null>,32.55073,-117.047135,8,SAN YSIDRO,10009,1
93,<Null>,32.553074,-117.046309,8,SAN YSIDRO,10013,1
94,<Null>,32.552302,-117.044891,8,SAN YSIDRO,10013,1
95,<Null>,32.552551,-117.045015,8,SAN YSIDRO,10013,1
96,<Null>,32.552437,-117.044652,8,SAN YSIDRO,10013,1
97,<Null>,32.558308,-117.059678,8,SAN YSIDRO,10012,2
98,<Null>,32.559443,-117.062208,8,SAN YSIDRO,10012,3
99,<Null>,32.559756,-117.062508,8,SAN YSIDRO,10111,1
100,<Null>,32.559782,-117.062319,8,SAN YSIDRO,10012,2
101,<Null>,32.559495,-117.062484,8,SAN YSIDRO,10111,2
102,<Null>,32.772669,-117.202669,7,MORENA,9106,3
103,<Null>,32.77247,-117.202706,7,MORENA,9106,1
104,<Null>,32.773388,-117.165778,7,LINDA VISTA,8901,3
105,<Null>,32.773736,-117.166631,7,LINDA VISTA,8800,3
106,<Null>,32.771486,-117.162216,7,LINDA VISTA,8800,3
107,<Null>,32.770402,-117.16412,7,LINDA VISTA,8901,4
108,<Null>,32.770083,-117.165596,7,LINDA VISTA,8901,4
109,<Null>,32.769996,-117.166355,7,LINDA VISTA,8901,4
110,<Null>,32.763687,-117.198072,7,MISSION VALLEY WEST,9106,1
111,<Null>,32.791171,-117.162986,7,LINDA VISTA,8800,1
112,<Null>,32.791398,-117.163172,7,LINDA VISTA,8701,2
113,<Null>,32.791148,-117.16315,7,LINDA VISTA,8800,1
114,<Null>,32.800769,-117.15738,7,LINDA VISTA,8701,2
115,<Null>,32.800733,-117.158378,7,LINDA VISTA,8701,1
116,<Null>,32.801036,-117.157877,7,CLAIREMONT MESA EAST,8701,2
117,<Null>,32.56618,-117.060917,8,SAN YSIDRO,10005,4
118,<Null>,32.565325,-117.059988,8,SAN YSIDRO,10012,1
119,<Null>,32.565698,-117.062558,8,SAN YSIDRO,10111,1
120,<Null>,32.565201,-117.062289,8,SAN YSIDRO,10012,1
121,<Null>,32.567066,-117.052952,8,SAN YSIDRO,10005,1
122,<Null>,32.566806,-117.0531,8,SAN YSIDRO,10005,3
123,<Null>,32.710478,-117.133965,8,GRANT HILL,4800,1
124,<Null>,32.702433,-117.143557,8,LOGAN HEIGHTS,4900,3
125,<Null>,32.702287,-117.143268,8,LOGAN HEIGHTS,4900,3
126,<Null>,32.702179,-117.145171,8, BARRIO LOGAN,5000,1
127,<Null>,32.700997,-117.143755,8, BARRIO LOGAN,5000,1
128,<Null>,32.701458,-117.144468,8, BARRIO LOGAN,5000,1
129,<Null>,32.698584,-117.142246,8, BARRIO LOGAN,5000,1
130,<Null>,32.69893,-117.142372,8, BARRIO LOGAN,5000,1
131,1616 GSt. ,32.712699,-117.14869,3,EAST VILLAGE,5200,1
132,1619 G St. ,32.712548,-117.148672,3,EAST VILLAGE,5200,1
133,805 16th St,32.713804,-117.149414,3,EAST VILLAGE,5200,1
134,1548  F St.,32.713759,-117.149627,3,EAST VILLAGE,5200,1
135,1599 F St,32.713617,-117.14962,3,EAST VILLAGE,5200,1
136,1599 F St,32.713567,-117.149569,3,EAST VILLAGE,5200,1
137,853 16th st,32.714668,-117.149394,3,EAST VILLAGE,5200,1
138,1396 10th St,32.719805,-117.155731,3,CORE-COLUMBIA,5200,2
139,1299 10th St,32.718781,-117.155571,3,CORE-COLUMBIA,5200,2
140,908 A St,32.718978,-117.156481,3,CORE-COLUMBIA,5200,2
141,907 A St,32.718808,-117.156413,3,CORE-COLUMBIA,5200,2
142,1098 A St,32.718968,-117.154819,3,CORE-COLUMBIA,5200,2
143,1101  A St,32.718973,-117.15465,3,EAST VILLAGE,5200,2
144,1617 1st Ave,32.722083,-117.16381,3,CORTEZ,5600,1
145,1698 1st Ave,32.724061,-117.164004,3,PARK WEST,5700,2
146,1586 2nd Ave,32.721869,-117.163034,3,CORTEZ,5600,1
147,1668 Front St,32.722896,-117.164879,3,LITTLE ITALY,5600,1
148,2341 Moore St,32.74868,-117.19421,2,OLD TOWN,6500,2
149,3555 India St,32.73996,-117.178267,3,MIDTOWN,202,1
150,2244 Moore St,32.747541,-117.192291,2,OLD TOWN,6500,2
151,3800 Old Town Ave,32.748116,-117.193358,2,OLD TOWN,6500,2
152,2290 Moore St,32.748205,-117.19313,2,OLD TOWN,6500,2
153,3711 Camino Del Rio W,32.754177,-117.204855,2,MIDWAY DISTRICT,6500,1
154,3611 Camino Del Rio W,32.7553,-117.204719,2,MIDWAY DISTRICT,6500,1
155,3970 Riley St,32.75423,-117.205227,2,MIDWAY DISTRICT,6500,1
156,3802 Camino Del Rio W,32.754004,-117.205191,2,MIDWAY DISTRICT,6500,1
157,3202 Hancock St,32.754457,-117.205243,2,MIDWAY DISTRICT,6500,1
158,3111 Hancock St,32.753975,-117.204746,2,MIDWAY DISTRICT,6500,1
159,4290 Taylor St,32.759027,-117.196836,2,OLD TOWN,6500,2
160,4301 Taylor St,32.759162,-117.19644,2,OLD TOWN,6500,2
161,4499 Taylor St,32.759286,-117.188482,3,MISSION VALLEY WEST,8902,1
162,2423 Hotel Cir N,32.760195,-117.186595,3,MISSION VALLEY WEST,8902,1
163,2443 Hotel Cir N,32.759939,-117.186037,3,MISSION VALLEY WEST,8902,1
164,2443 Hotel Cir Pl,32.760861,-117.187063,3,MISSION VALLEY WEST,8902,1
165,839 Hotel Cir N,32.760605,-117.171558,3,MISSION VALLEY WEST,8902,1
166,849 hotel Cir N,32.760659,-117.171208,3,MISSION VALLEY WEST,8902,1
167,956 Hotel Cir S,32.759725,-117.172137,3,MISSION VALLEY WEST,8902,1
168,946 Hotel Cir S,32.759748,-117.171789,3,MISSION VALLEY WEST,8902,1
169,696 Hotel Cir S,32.760399,-117.169317,3,MISSION VALLEY WEST,8902,1
170,666 Hotel Cir S,32.76048,-117.169002,3,MISSION VALLEY WEST,8902,1
171,3799 India St,32.743293,-117.181107,3,MIDTOWN,202,1
172,4002 Sports Arena Blvd,32.755739,-117.220761,2,MIDWAY DISTRICT,6500,1
173,2498 Market St,32.71171,-117.140409,8,SHERMAN HEIGHTS,4100,2
174,2499 Market St,32.711481,-117.140412,8,SHERMAN HEIGHTS,4800,2
175,549 25th St,32.71157,-117.140073,8,GRANT HILL,4800,2
176,1195 19th St,32.717822,-117.146651,3,GOLDEN HILL,4600,1
177,2022 B St,32.717965,-117.145754,3,GOLDEN HILL,4600,1
178,1856 Bayview Heights Dr,32.724674,-117.077138,4,OAK PARK,2712,3
179,1999 Bayview Heights Dr,32.725512,-117.07577,4,OAK PARK,2712,1
180,1827 Bayview Heights Dr,32.724008,-117.077926,4,OAK PARK,2712,3
181,6333 College Grove Way,32.737431,-117.057248,4,OAK PARK,2712,1
182,6394 College Grove Way,32.737306,-117.056923,4,OAK PARK,2712,1
183,3498 College Ave,32.742828,-117.051808,4,OAK PARK,2703,4
184,3409 College Ave,32.74267,-117.051289,9,ROLANDO PARK,2903,3
185,1403 Euclid Ave,32.719696,-117.084862,4,OAK PARK,2712,3
186,2302 Servando Ave,32.557038,-117.063402,8,NESTOR,10109,2
187,2998 Camino De L Plaza,32.549218,-117.054887,8,SAN YSIDRO,10009,2
188,2997 Camino De L Plaza,32.547431,-117.054934,8,SAN YSIDRO,10009,1
189,1801 Oro Vista Rd,32.564311,-117.079072,8,NESTOR,10109,2
190,2398 Tocayo Ave,32.564637,-117.080928,8,NESTOR,10112,2
191,1799 Oro Vista Rd,32.56452,-117.078931,8,NESTOR,10112,2
192,2143 Coronado Ave,32.576424,-117.086481,8,NESTOR,10110,2
193,2050 Coronado Ave,32.5766,-117.088591,8,NESTOR,10110,1
194,731 Saturn Blvd,32.583047,-117.092587,8,NESTOR,10110,1
195,1801 Palm Ave,32.58369,-117.094726,8,NESTOR,10103,2
196,1842 Palm Ave,32.584024,-117.093803,8,NESTOR,10103,1
197,1788 Palm Ave,32.584024,-117.094956,8,NESTOR,10103,1
198,610 Saturn Blvd,32.585698,-117.092701,8,NESTOR,10103,1
199,2245 Main St,32.594764,-117.086022,8,NESTOR,13205,1
200,800 Saturn Blvd,32.581909,-117.092777,8,NESTOR,10103,2
201,2301 Palm Ave,32.583705,-117.084009,8,PALM CITY,10107,1
202,762 Hollister St,32.582682,-117.084218,8,PALM CITY,10107,1
203,2300 Palm Ave,32.583955,-117.084022,8,PALM CITY,10107,1
204,2298 Palm Ave,32.583893,-117.084238,8,PALM CITY,10107,1
205,1136 Hollister St,32.57589,-117.084187,8,NESTOR,10110,2
206,1291 Hollister St,32.572958,-117.08402,8,NESTOR,10112,1
207,2501 Coronado Ave,32.576394,-117.079671,8,OTAY MESA WEST,10106,2
208,1143 25th St,32.576163,-117.079732,8,OTAY MESA WEST,10106,2
209,2622 Coronado Ave,32.576582,-117.077043,8,OTAY MESA WEST,10107,3
210,1088 Outer Rd,32.577041,-117.081334,8,PALM CITY,10107,1
211,951 Outer Rd,32.578601,-117.083112,8,PALM CITY,10107,3
212,3112 Beyer Blvd,32.571311,-117.06467,8,OTAY MESA WEST,10004,2
213,3117 Beyer Blvd,32.570968,-117.064803,8,OTAY MESA WEST,10106,1
214,1394 Picador Blvd,32.570782,-117.053557,8,OTAY MESA WEST,10004,2
215,1395 Picador Blvd,32.570664,-117.053296,8,OTAY MESA WEST,10004,1
216,2282 Fairmount Ave,32.728695,-117.09969,4,RIDGEVIEW/WEBSTER,3401,2
217,3248 Univeristy Ave,32.748613,-117.124106,3,NORTH PARK,1600,4
218,3418 University Ave,32.74984,-117.119991,9,CORRIDOR,1600,2
219,3450 University Ave,32.749895,-117.119263,9,CORRIDOR,1600,1
220,34549 University Ave,32.74968,-117.119415,9,CHEROKEE POINT,2401,3
221,3451 University Ave,32.749717,-117.11921,9,CHEROKEE POINT,2401,3
222,3298 El Cajon Blvd,32.755416,-117.122395,9,NORMAL HEIGHTS,1700,3
223,3858 El Cajon Blvd,32.755358,-117.110581,9,NORMAL HEIGHTS,2100,4
224,3153 El Cajon Blvd,32.755325,-117.12638,3,NORTH PARK,1200,1
225,3148 El Cajon Blvd,32.755469,-117.126648,3,NORTH PARK,1200,1
226,3055 Adams Ave,32.762838,-117.128904,3,NORTH PARK,1100,2
227,4300 Marlborough,32.75533,-117.10624,9,KENSINGTON,2100,3
228,7600 Mesa College Dr.,32.800994,-117.158285,2,CLAIREMONT MESA EAST,8510,1
229,1339 M orena Blvd,32.772802,-117.202921,2,BAY PARK,9106,2
230,2402 Sunset Cliffs Blvd,32.752113,-117.241364,2,OCEAN BEACH,7501,4
231,4099 Sports Arena Blvd,32.756144,-117.221853,2,POINT LOMA HEIGHTS,6801,1
232,5450 Caliremont Mesa Rd,32.834379,-117.173812,2,NORTH CLAIREMONT,8505,1
233,5219 Clairmont Mesa Blvd,32.834286,-117.178591,2,CLAIREMONT MESA EAST,8507,6
234,3233 Luna Ave,32.831217,-117.215654,2,NORTH CLAIREMONT,8502,5
235,3899 Clairemont Dr,32.811639,-117.200835,2,BAY PARK,9102,1
236,3901 Clairemont Dr,32.811913,-117.200864,2,NORTH CLAIREMONT,8504,3
237,2591 Claiemont Dr,32.790301,-117.203443,2,BAY PARK,9103,4
238,2615 Clairemont Dr,32.790314,-117.203182,2,BAY PARK,9103,4
239,3786 LA Jolla Village Dr,32.871091,-117.223556,6,UNIVERSITY CITY,8305,2
240,2675 E. Mission Bay Dr.,32.789394,-117.208651,2,MISSION BAY ,7600,1
241,2698 W. Mission Bay Dr.,32.790236,-117.209289,2,MISSION BAY ,7600,1
242,3390 N Mission Bay Dr.,32.790466,-117.209164,2,MISSION BAY ,7600,1
243,3379 N. Mission Bay Dr. ,32.790886,-117.209304,2,MISSION BAY ,7600,1
244,4276 Mission Bay Dr.,32.800395,-117.2136,1,PACIFIC BEACH,7600,1
245,4301 Mission bay Dr.,32.800719,-117.213659,1,PACIFIC BEACH,7800,1
246,4277 Mission Bay Dr.,32.799951,-117.212734,1,PACIFIC BEACH,7800,1
247,9880 Genesee Ave,32.886043,-117.223718,6,UNIVERSITY CITY,8305,2
248,9878 Genesee Ave,32.885782,-117.223396,6,UNIVERSITY CITY,8305,2
249,9889 Genesee Ave,32.884037,-117.221775,6,UNIVERSITY CITY,8339,1
250,9899 Genesee Ave,32.883446,-117.221365,6,UNIVERSITY CITY,8339,1
251,4726 La Jolla Village Dr.,32.874729,-117.203805,6,UNIVERSITY CITY,8339,1
252,4706 La Jolla Village Dr.,32.874658,-117.20423,6,UNIVERSITY CITY,8339,1
253,11019 Sorrewnto Valley Rd,32.90151,-117.223292,1,SORRENTO VALLEY,8339,1
254,10951 Sorrento Valley Rd,32.901321,-117.223046,1,SORRENTO VALLEY,8339,1
255,10982 Sorrento Valler Rd,32.901069,-117.223277,1,SORRENTO VALLEY,8339,1
256,11020 Sorrento Valley rd,32.901274,-117.223517,1,SORRENTO VALLEY,8339,1
257,3209 Carmel Mountain Rd,32.916337,-117.237007,1,TORREY PRESERVE,8339,1
258,11826 Sorrento Valley Rd,32.916174,-117.237167,1,TORREY PRESERVE,8339,1
259,11831 Sorrento Valley Rd,32.91651,-117.237227,1,TORREY PRESERVE,8339,1
260,2999 Carmel Valley Rd,32.931368,-117.242851,1,TORREY PRESERVE,8339,1
261,7750 Mesa College Dr.,32.802006,-117.153522,7,BIRDLAND,8702,3
262,10401 Tierrasanta Blvd,32.823205,-117.103901,7,TIERRASANTA,9510,2
263,10391 Tierrasanta Blvd,32.823193,-117.10426,7,TIERRASANTA,9510,2
264,10389 Aero Dr.,32.809816,-117.105567,7,TIERRASANTA,9510,2
265,10388 Aero Dr.,32.809581,-117.105378,7,TIERRASANTA,9511,1
266,3509 Santo Rd,32.809878,-117.10523,7,TIERRASANTA,9511,2
267,6388 Reancho Mission Rd,32.789157,-117.108848,7,GRANTVILLE,9603,1
268,5814 Fairmount Ave,32.781237,-117.101468,7,GRANTVILLE,9603,4
269,5823 Mission Gorge Rd,32.781366,-117.101095,7,GRANTVILLE,9604,4
270,4254 Camino Del Rio N,32.779481,-117.103591,7,GRANTVILLE,9603,4
271,3889 Camino Del Rio N,32.779867,-117.110296,7,GRANTVILLE,9603,4
272,4960 Waring Rd,32.784521,-117.085905,7,GRANTVILLE,9604,4
273,8709 Navajo Rd.,32.80287,-117.010113,7,LAKE MURRAY,9802,2
274,8809 Navajo Rd,32.802819,-117.008228,7,LAKE MURRAY,9802,2
275,8790 Lake Murray Blvd,32.802814,-117.010655,7,LAKE MURRAY,9802,5
276,8648 Lake Murray Blvd,32.800974,-117.0122,7,LAKE MURRAY,9802,5
277,5099 Collwood Blvd,32.770023,-117.085839,9,COLLEGE WEST,2803,4
278,5404 College Ave,32.776717,-117.068085,9,COLLEGE WEST,2801,2
279,5414 College Ave,32.776958,-117.068177,9,COLLEGE WEST,2801,2
280,5222 College Ave,32.773064,-117.06963,9,COLLEGE WEST,2801,2
281,5415 College Ave,32.776961,-117.067667,9,COLLEGE EAST,2904,1
282,5401 College Ave,32.776728,-117.067676,9,COLLEGE EAST,2904,2
283,6587 Alvarado Rd.,32.777548,-117.058657,9,COLLEGE EAST,2904,1
284,13588 Sabre Springs Pkwy,32.96442,-117.090537,5,SABRE SPRINGS,17039,2
285,13539 Sabre Springs Pkwy,32.962932,-117.091119,5,CARMEL MOUNTAIN,17039,3
286,10198 Rancho Carmel; Dr.,32.96671,-117.090048,5,CARMEL MOUNTAIN,17056,1
287,10155 Rancho Carmel Dr.,32.965417,-117.090016,5,CARMEL MOUNTAIN,17056,2
288,Camino Del Norte,32.996693,-117.081756,5,CARMEL MOUNTAIN,17056,1
289,Camino Del Norte,32.996213,-117.080989,5,CARMEL MOUNTAIN,17056,1
290,11122 Racncho Carmnel Dr,32.979092,-117.082242,5,CARMEL MOUNTAIN,17056,1
291,11630 Carmel Mt. Rd,32.979219,-117.081888,5,CARMEL MOUNTAIN,17056,1
292,11555 Carmel Mt. rd,32.978736,-117.082125,5,CARMEL MOUNTAIN,17056,1
293,11490 Windcrest Ln,32.976421,-117.083186,5,CARMEL MOUNTAIN,17056,1
294,12620 Sabre Springs Rd,32.947189,-117.096088,5,SABRE SPRINGS,17039,2
295,10902 Poway Rd,32.946874,-117.093628,5,SABRE SPRINGS,17039,2
296,Poway Rd,32.946127,-117.101598,5,SABRE SPRINGS,17042,3
297,Poway Rd,32.946843,-117.098288,5,SABRE SPRINGS,17042,3
298,9650 Mira Mesa Rd,32.917272,-117.118035,6,MIRA MESA,8354,1
299,9660 Mira Mesa Rd,32.917279,-117.118684,6,MIRA MESA,8354,1
300,10789 Westview Pkwy,32.917032,-117.120359,6,MIRA MESA,8359,1
301,9667 Mira Mesa Blvd,32.917055,-117.119895,6,MIRA MESA,8359,1
302,9840 Miramar Rd,32.89394,-117.118295,6,MIRAMAR,8360,1
303,9790 Miramar Rd,32.893939,-117.118568,6,MIRAMAR,8360,1
304,9696 Miramar Rd,32.893951,-117.120203,6,MIRAMAR,8360,2
305,9687 Miramar Rd,32.893653,-117.120108,6,MIRAMAR,9400,1
306,9699 Miramar Rd,32.893596,-117.118463,6,MIRAMAR,9400,1
307,9719 Miramar Rd,32.893733,-117.119758,6,MIRAMAR,9400,1
308,9809 miramar Rd,32.893592,-117.118238,6,MIRAMAR,9400,1
309,Miramar Way,32.880666,-117.115788,6,SCRIPPS RANCH,9400,1
310,9896 Mira Mesa Blvd,32.916922,-117.113157,6,SCRIPPS RANCH,17043,1
311,9971 Mira Mesa Rd,32.916617,-117.112975,6,SCRIPPS RANCH,17022,6
312,9912 Pomerado Dr.,32.894788,-117.108791,6,SCRIPPS RANCH,17022,5
313,9991 Pomerado Rd,32.897118,-117.103857,5,SCRIPPS RANCH,9504,1
314,Kearny Villa Rd,32.876691,-117.116816,6,MIRAMAR,9400,1
315,Kearny Villa Rd,32.864017,-117.116304,6,MIRAMAR,9400,1
316,Kearny Villa Rd,32.85151,-117.120272,6,SCRIPPS RANCH,9400,1
317,Kearny Villa Rd,32.851139,-117.120732,6,MIRAMAR,9400,1
318,10195 Scripps Poway Pkwy,32.936188,-117.107736,5,MIRAMAR RANCH NORTH,17043,1
319,10205 Scripps Poway Pkwy,32.936356,-117.10746,5,MIRAMAR RANCH NORTH,17043,2
320,10204 Scripps Poway Pkwy,32.936701,-117.107602,5,MIRAMAR RANCH NORTH,17042,3
321,10194 Scripps Poway Pkwy,32.936548,-117.107859,5,MIRAMAR RANCH NORTH,17042,3
322,9938 Mercy Rd,32.937273,-117.113088,6,MIRA MESA,8354,1
323,9939 Mercy rd,32.936964,-117.112895,6,MIRA MESA,8354,1
324,863 S. 45th St,32.696961,-117.09797,4,MOUNTAIN VIEW,3301,1
325,4492 Logan Ave,32.696937,-117.098267,4,MOUNTAIN VIEW,3301,1
326,4521 Logan Ave,32.696757,-117.097962,4,MOUNTAIN VIEW,3303,2
327,4489 Logan Ave,32.696694,-117.098141,4,MOUNTAIN VIEW,3303,2
328,1039 S 45th St,32.69548,-117.098027,4,MOUNTAIN VIEW,3303,2
329,1151 S 45th St,32.694072,-117.098058,4,MOUNTAIN VIEW,3303,2
330,3991 Al;pha St,32.692329,-117.108317,8,SOUTHCREST,3602,2
331,4002 Alpha St,32.692422,-117.107905,8,SOUTHCREST,3602,1
332,4131 Newton Ave,32.694679,-117.104606,8,SOUTHCREST,3602,1
333,4902 T St,32.698781,-117.091638,4,LINCOLN PARK,3305,1
334,4845 Ocean View Blvd,32.700364,-117.090557,4,LINCOLN PARK,3305,1
335,590 Gloria St,32.699715,-117.090597,4,LINCOLN PARK,3305,1
336,680 Gloria St,32.69882,-117.090624,4,LINCOLN PARK,3305,1
337,502 S 40th St,32.701207,-117.108142,4,MOUNTAIN VIEW,3502,2
338,4053 T St,32.698804,-117.107091,4,MOUNTAIN VIEW,3502,2
339,602 S. Boundary St,32.699999,-117.106619,4,MOUNTAIN VIEW,3502,2
340,5701 Old Memory Ln,32.720516,-117.073443,4,EMERALD HILLS,3001,1
341,4001 40th St,32.751513,-117.109412,9,TERALTA WEST,2201,1
342,4190 40th St,32.753128,-117.109447,9,TERALTA WEST,2201,1
343,4155 Central Ave,32.752459,-117.10807,9,TERALTA WEST,2202,3
344,4088 Poplar St,32.732568,-117.107923,9,AZALEA/HOLLYWOOD PARK,2502,3
345,2002 National Ave,32.699676,-117.143458,8, BARRIO LOGAN,5000,1
346,1963 National Ave,32.699858,-117.144037,8, BARRIO LOGAN,5000,1
347,2750 Genesse Ave,32.793653,-117.17035,7,LINDA VISTA,8600,2
348,6999 Levant St,32.791797,-117.169316,7,LINDA VISTA,8600,2
349,7255 Frairs Rd,32.77003,-117.164167,3,MISSION VALLEY WEST,8902,2
350,7221 Frairs Rd,32.769841,-117.165203,3,MISSION VALLEY WEST,8902,2
351,6888 Friars Rd,32.768807,-117.171818,7,LINDA VISTA,8901,4
352,6901 Frairs rd,32.768674,-117.171483,3,MISSION VALLEY WEST,8902,2
353,6899 Frairs Rd,32.768556,-117.171672,3,MISSION VALLEY WEST,8902,2
354,1309 Fashion Valley Rd,32.765378,-117.170405,3,MISSION VALLEY WEST,8902,2
355,1236 Fashion Valley rd,32.765076,-117.17053,3,MISSION VALLEY WEST,8902,1
356,336 Camino Del Reina,32.765885,-117.164322,3,MISSION VALLEY WEST,8902,1
357,378 Camino Del Reina,32.765847,-117.16403,3,MISSION VALLEY WEST,8902,1
358,3771 La Jolla Village Dr.,32.87172,-117.225669,6,UNIVERSITY CITY,8341,1
359,4307 La Jolla Village Dr.,32.872495,-117.213774,6,UNIVERSITY CITY,8340,2
360,4306 La Jolla Village Dr.,32.872862,-117.213866,6,UNIVERSITY CITY,8339,1
361,4286 La Jolla Dr.,32.872671,-117.21437,6,UNIVERSITY CITY,8341,2
362,4287 La Jolla Village Dr.,32.872253,-117.214289,6,UNIVERSITY CITY,8341,2
363,4591  La Jolla Village Dr.,32.873824,-117.207542,6,UNIVERSITY CITY,8340,2
364,4607 La Jolla Village Dr.,32.873915,-117.207177,6,UNIVERSITY CITY,8340,4
365,4637 La Jolla Village Dr.,32.874084,-117.205857,6,UNIVERSITY CITY,8340,4
366,5511 Nobel Dr.,32.867435,-117.196932,6,UNIVERSITY CITY,8340,1
367,5531 Nobel Dr.,32.867845,-117.196416,6,UNIVERSITY CITY,8340,1
368,4608 La Jolla Village Dr.,32.874314,-117.207323,6,UNIVERSITY CITY,8339,1
369,5572 Nobel Dr.,32.8687,-117.196156,6,UNIVERSITY CITY,8340,3
370,4290 Nobel Dr.,32.866954,-117.213901,6,UNIVERSITY CITY,8341,2
371,4291 Nobel Dr.,32.86665,-117.213698,6,UNIVERSITY CITY,8343,3
372,4302 Nobel; Dr.,32.867156,-117.213503,6,UNIVERSITY CITY,8340,2
373,4301 Nobel Dr.,32.866795,-117.213287,6,UNIVERSITY CITY,8340,1
374,798 Washington Ave,32.750186,-117.157566,3,HILLCREST,400,2
375,3902 5th Ave,32.748384,-117.160518,3,HILLCREST,400,2
376,370 Washington Ave,32.75004,-117.16177,3,HILLCREST,400,1
377,503 Washingfton Ave,32.749868,-117.160329,3,HILLCREST,400,2
378,399 Washington Ave,32.74976,-117.161717,3,HILLCREST,400,2
379,402 Washington Ave,32.75008,-117.161556,3,HILLCREST,400,1
380,202 W Washington Ave,32.750006,-117.165185,3,HILLCREST,400,3
381,199 W. Washington Ave,32.749834,-117.164895,3,HILLCREST,400,2
382,98 Washington Ave,32.750058,-117.16387,3,HILLCREST,400,1
383,Montezuma rd,32.77012,-117.086277,9,COLLEGE WEST,2801,1
384,5958 Montezuma Rd,32.770816,-117.070038,9,COLLEGE WEST,2801,2
385,6022 Montezuma Rd,32.770884,-117.069745,9,COLLEGE EAST,2904,2
386,6021 Montezuma Rd,32.770623,-117.069609,9,COLLEGE EAST,2904,2
387,5979 Montezuma Rd,32.770596,-117.069906,9,COLLEGE WEST,2804,1
388,3639 Ocean View Blvd,32.701245,-117.115496,4,MOUNTAIN VIEW,3502,3
389,3690 Delbergia St,32.686493,-117.114613,8, BARRIO LOGAN,3601,1
390,3702 Delbergia St,32.686433,-117.114436,8, BARRIO LOGAN,3601,1
391,516 S 30th St,32.701084,-117.129629,8,LOGAN HEIGHTS,3902,1
392,2911 Ocean View Blvd,32.70113,-117.131582,8,LOGAN HEIGHTS,3902,1
393,2971 Ocean View Blvd,32.701119,-117.130874,8,LOGAN HEIGHTS,3902,1
394,3298 Imperial Ave,32.70682,-117.1227,9,STOCKTON,4000,1
395,3301 Imperial Ave,32.70669,-117.122456,8,LOGAN HEIGHTS,3901,1
396,1174 Imperial Ave,32.706402,-117.153962,3,PETCO PARK,5100,2
397,1133 Imperial Ave,32.70622,-117.153686,3,PETCO PARK,5100,2
398,999 J St,32.70935,-117.15561,3,EAST VILLAGE,5100,2
399,998 J St,32.709465,-117.155685,3,EAST VILLAGE,5100,2
400,315 7th Ave,32.708472,-117.158239,3,EAST VILLAGE,5400,4
401,73 Trevor Hoffman Way,32.706441,-117.156112,3,EAST VILLAGE,5100,2
402,103 Park Blvd,32.706527,-117.155723,3,EAST VILLAGE,5100,2
403,399 7th Ave,32.709348,-117.158231,3,EAST VILLAGE,5400,4
404,502 E St,32.714778,-117.160101,3,GASLAMP,5300,2
405,601 5th Ave,32.711628,-117.160091,3,GASLAMP,5300,2
406,786 6th Ave,32.713526,-117.15928,3,GASLAMP,5300,2
407,613 Market St,32.711429,-117.159103,3,EAST VILLAGE,5400,4
408,399 G St,32.712473,-117.161142,3,MARINA,5300,3
409,1999 Columbia St,32.725665,-117.168041,3,LITTLE ITALY,5800,1
410,2102 Columbia St.,32.726675,-117.168758,3,LITTLE ITALY,5800,1
411,1998 Columbia St,32.725029,-117.169909,3,HARBORVIEW,5800,1
412,1478 Columbia St.,32.720804,-117.168389,3,LITTLE ITALY,5800,1
413,4945 Carolina Pl,32.715693,-117.088104,4,CHOLLAS VIEW,3404,1
414,1603 C St,32.716786,-117.149373,3,EAST VILLAGE,5200,1
415,1588 Park Blvd,32.722777,-117.151984,3,CORTEZ,5600,2
416,1588 Park Blvd,32.723232,-117.151689,3,CORTEZ,5600,2
417,1444 Park Blvd,32.720717,-117.153868,3,CORTEZ,5600,2
418,1401 Park Blvd,32.719521,-117.153667,3,CORTEZ,5600,2
419,1902 Park Blvd,32.725435,-117.150644,3,BALBOA PARK,5600,2
420,2285 Park Blvd,32.733887,-117.145931,3,BALBOA PARK,5600,2
421,Zoo Pl,32.734552,-117.145494,3,BALBOA PARK,5600,2
422,3211 Park Blvd,32.73919,-117.146765,3,BALBOA PARK,5600,2
423,3356 Park Blvd,32.740699,-117.147481,3,BALBOA PARK,5600,2
424,3357 Zoo Dr,32.740078,-117.147578,3,BALBOA PARK,5600,2
425,3355 Park Blvd,32.740391,-117.147407,3,BALBOA PARK,5600,2
426,1323 S. Euclid,32.692955,-117.085048,4,LINCOLN PARK,3101,3
427,1358 S. Euclid Ave,32.692734,-117.085257,4,LINCOLN PARK,3305,3
428,6602 Alavardo Rd,32.777718,-117.058864,9,COLLEGE EAST,2904,1
429,6903 Alvarado Rd,32.775676,-117.050348,9,COLLEGE EAST,2905,3
430,6916 Alvarado Rd,32.775465,-117.04962,9,COLLEGE EAST,2905,3
431,4698 Zion Ave,32.793041,-117.093951,7,ALLIED GARDENS,9602,2
432,6587 Mission Gorge Rd,32.792942,-117.097287,7,GRANTVILLE,9604,3
433,5121 Ruffin Rd,32.828836,-117.126566,6,KEARNY MESA,8511,1
434,5299 Ruffin rd,32.831316,-117.126434,6,KEARNY MESA,8511,1
435,2898 Palm Ave,32.58394,-117.0714,8,PALM CITY,10107,1
436,2899 Palm Ave,32.583678,-117.071284,8,PALM CITY,10107,2
437,2901 Palm Ave,32.583745,-117.070996,8,OTAY MESA WEST,10010,2
438,2902 Palm Ave,32.584003,-117.071082,8,OTAY MESA WEST,10001,2
439,639 Dennery Rd,32.581258,-117.032917,8,OCEAN CREST,10014,2
440,1022 Dennery Rd,32.574961,-117.035519,8,OCEAN CREST,10014,2
441,606 Saturn Blvd,32.5857,-117.092742,8,EGGER HIGHLANDS,10103,1
442,888 S. S Euclid Ave,32.697031,-117.085308,4,LINCOLN PARK,3305,2
443,5011 Logan Ave,32.696743,-117.087187,4,LINCOLN PARK,3305,3
444,905 S. 47th St,32.696718,-117.093595,4,LINCOLN PARK,3305,3
445,897 S. 47th St,32.696961,-117.093661,4,LINCOLN PARK,3305,2
446,896 S. 47th St,32.696883,-117.093921,4,LINCOLN PARK,3305,2
447,906 S. 47th St,32.696673,-117.093866,4,LINCOLN PARK,3305,3
448,4702 Imperial Ave,32.704355,-117.093639,4,LINCOLN PARK,3304,1
449,4703 Imperial Ave,32.704048,-117.093569,4,LINCOLN PARK,3305,1
450,122 S. 47th St,32.703971,-117.093821,4,LINCOLN PARK,3305,1
451,4772 Imperial Ave,32.704267,-117.092026,4,LINCOLN PARK,3304,1
452,301 S 47th St,32.702252,-117.093668,4,LINCOLN PARK,3305,1
453,126 47th St,32.705014,-117.093839,4,LINCOLN PARK,3304,1
454,6221 Imperial Ave,32.709779,-117.063832,4,O'FARRELL,3112,2
455,6198 Imperial Ave,32.709896,-117.06413,4,ENCANTO,3112,2
456,4401 Genesee Ave,32.823095,-117.18402,2,CLAIREMONT MESA EAST,8506,3
457,5390 Balboa Ave,32.819371,-117.182246,2,CLAIREMONT MESA WEST,8504,4
458,4092 Genesee Ave,32.817113,-117.180923,2,CLAIREMONT MESA WEST,8513,1
459,6101 Balboia Ave,32.820187,-117.175989,2,CLAIREMONT MESA EAST,8509,5
460,4200 Cannington Dr,32.82061,-117.167318,2,CLAIREMONT MESA EAST,8507,3
461,2350 Torrey Pines Rd,32.850559,-117.252446,1,LA JOLLA,8312,2
462,La Jolla Pkwy,32.849616,-117.250655,1,LA JOLLA,8303,2
463,8617 Mira Mesa Blvd,32.912778,-117.138393,6,MIRA MESA,8358,1
464,10450 Camino Ruiz,32.908076,-117.145444,6,MIRA MESA,8351,1
465,8096 Mira Mesa Blvd,32.912547,-117.149417,6,MIRA MESA,8349,2
466,8356 New Salem St,32.915862,-117.143799,6,MIRA MESA,8357,3
467,Camino Del Norte,32.991108,-117.072252,5,RANCHO BERNARDO,17052,2
468,12399 Carmel Mt Rd,32.988602,-117.075019,5,CARMEL MOUNTAIN,17055,3
469,12999 El Camino Real,32.953755,-117.233793,1,CARMEL VALLEY,8329,1
470,3092 Del Mar Heights Rd,32.95179,-117.239591,1,CARMEL VALLEY,8327,3
471,3101 Del Mar Heights,32.951706,-117.239083,1,CARMEL VALLEY,8329,1
472,13101 Camino Del Sur,32.960307,-117.152939,5,TORREY HIGHLANDS,8335,3
473,13264 Camino Del Sur,32.961709,-117.152864,5,TORREY HIGHLANDS,8335,3
474,13003 Camino Del Sur,32.956935,-117.152699,5,TORREY HIGHLANDS,8366,1
475,12898 Camino Del Sur,32.956604,-117.153015,5,RANCHO PENASQUITOS,8366,1
476,13002 Camino Del Sur,32.956891,-117.153201,5,TORREY HIGHLANDS,8366,1
477,9440 Scranton Rd,32.892694,-117.202926,6,SORRENTO VALLEY,8346,1
478,9440 Scranton Rd,32.892325,-117.203479,6,SORRENTO VALLEY,8346,1
479,9399 Scranton Rd,32.892521,-117.201395,6,SORRENTO VALLEY,8346,1
480,9398 Scranton Rd,32.892413,-117.201742,6,SORRENTO VALLEY,8346,1
481,9401 Scranton Rd,32.892835,-117.201482,6,SORRENTO VALLEY,8346,1
482,Miramar rd,32.876709,-117.188225,6,SORRENTO VALLEY,9400,1
483,5805 Nobel Dr.,32.872875,-117.191655,6,SORRENTO VALLEY,9400,1
484,5791 Eastgate Mall,32.877059,-117.186547,6,SORRENTO VALLEY,8350,1
485,3901 Univeristy Ave,32.749622,-117.110521,9,CHEROKEE POINT,2401,1
486,4001 Adams Ave,32.763225,-117.108591,9,KENSINGTON,2100,1
487,4098 Adams Ave,32.763318,-117.107498,9,KENSINGTON,2100,1
488,3915 Adams Ave,32.763223,-117.110894,9,NORMAL HEIGHTS,1800,1
489,3894 Adams Ave,32.763375,-117.111077,9,ADAMS NORTH,1900,2
490,2301 Sunset Cliffs,32.751036,-117.242057,2,OCEAN BEACH,7501,1
491,4598 W. Point Loma Blvd,32.751439,-117.235996,2,POINT LOMA HEIGHTS,6801,1
492,2601 Ingrahm St,32.767974,-117.23356,2,MISSION BAY ,7600,1
493,2598 Ingrahm St.,32.767671,-117.233774,2,MISSION BAY ,7600,3
494,1796 W Mision Bay Dr.,32.764994,-117.235839,2,MISSION BAY ,7600,3
495,1601 W. Mission Bay Dr.,32.76531,-117.237836,2,MISSION BAY ,7600,3
496,2498 Garnet Ave,32.804982,-117.22402,1,PACIFIC BEACH,7800,5
497,2496 Fogg St,32.804602,-117.22423,1,PACIFIC BEACH,7800,1
498,2798 Grand Ave,32.802525,-117.217968,1,PACIFIC BEACH,7800,1
499,2798 Grand Ave,32.802282,-117.2177,1,PACIFIC BEACH,7600,1
500,800 Garnet Ave,32.796732,-117.255466,1,PACIFIC BEACH,7905,2